[
  {
    "name": "aries",
    "slug": "aries",
    "icon": "🐏",
    "date": "21 Mar - 19 Apr",
    "element": "Api",
    "prediction": "Hari ini adalah waktu yang tepat untuk memulai proyek baru. Energi Anda sedang tinggi dan semangat juang menggebu-gebu.",
    "love": "★★★★☆",
    "career": "★★★★★",
    "health": "★★★☆☆",
    "lucky": "Merah"
  },
  {
    "name": "taurus",
    "slug": "taurus",
    "icon": "🐂",
    "date": "20 Apr - 20 Mei",
    "element": "Tanah",
    "prediction": "Fokus pada stabilitas keuangan hari ini. Hindari pengeluaran yang tidak perlu dan pertimbangkan investasi jangka panjang.",
    "love": "★★★☆☆",
    "career": "★★★★☆",
    "health": "★★★★☆",
    "lucky": "Hijau"
  },
  {
    "name": "gemini",
    "slug": "gemini",
    "icon": "👥",
    "date": "21 Mei - 20 Jun",
    "element": "Udara",
    "prediction": "Komunikasi adalah kunci sukses hari ini. Manfaatkan kemampuan berbicara Anda untuk membangun hubungan yang baik.",
    "love": "★★★★☆",
    "career": "★★★☆☆",
    "health": "★★★★☆",
    "lucky": "Kuning"
  },
  {
    "name": "cancer",
    "slug": "cancer",
    "icon": "🦀",
    "date": "21 Jun - 22 Jul",
    "element": "Air",
    "prediction": "Intuisi Anda sangat kuat hari ini. Percayai insting dan jangan ragu untuk mengambil keputusan penting.",
    "love": "★★★★★",
    "career": "★★★☆☆",
    "health": "★★★☆☆",
    "lucky": "Perak"
  },
  {
    "name": "leo",
    "slug": "leo",
    "icon": "🦁",
    "date": "23 Jul - 22 Agu",
    "element": "Api",
    "prediction": "Saatnya untuk bersinar! Kepercayaan diri Anda akan membawa kesuksesan dalam berbagai aspek kehidupan.",
    "love": "★★★☆☆",
    "career": "★★★★★",
    "health": "★★★★☆",
    "lucky": "Emas"
  },
  {
    "name": "virgo",
    "slug": "virgo",
    "icon": "👩",
    "date": "23 Agu - 22 Sep",
    "element": "Tanah",
    "prediction": "Perhatian terhadap detail akan membawa hasil yang memuaskan. Organisasi dan perencanaan adalah kunci sukses.",
    "love": "★★★★☆",
    "career": "★★★★☆",
    "health": "★★★★★",
    "lucky": "Biru Navy"
  },
  {
    "name": "libra",
    "slug": "libra",
    "icon": "⚖️",
    "date": "23 Sep - 22 Okt",
    "element": "Udara",
    "prediction": "Keseimbangan dalam segala hal akan membawa keharmonisan. Hindari konflik dan cari solusi yang adil.",
    "love": "★★★★★",
    "career": "★★★☆☆",
    "health": "★★★☆☆",
    "lucky": "Pink"
  },
  {
    "name": "scorpio",
    "slug": "scorpio",
    "icon": "🦂",
    "date": "23 Okt - 21 Nov",
    "element": "Air",
    "prediction": "Transformasi besar menanti Anda. Jangan takut untuk melepaskan hal-hal lama demi kemajuan yang lebih baik.",
    "love": "★★★☆☆",
    "career": "★★★★☆",
    "health": "★★★★☆",
    "lucky": "Maroon"
  },
  {
    "name": "sagittarius",
    "slug": "sagittarius",
    "icon": "🏹",
    "date": "22 Nov - 21 Des",
    "element": "Api",
    "prediction": "Petualangan dan pembelajaran baru menanti. Buka pikiran untuk pengalaman dan pengetahuan baru.",
    "love": "★★★★☆",
    "career": "★★★☆☆",
    "health": "★★★★☆",
    "lucky": "Ungu"
  },
  {
    "name": "capricorn",
    "slug": "capricorn",
    "icon": "🐐",
    "date": "22 Des - 19 Jan",
    "element": "Tanah",
    "prediction": "Kerja keras Anda akan segera membuahkan hasil. Tetap fokus pada tujuan jangka panjang dan jangan menyerah.",
    "love": "★★★☆☆",
    "career": "★★★★★",
    "health": "★★★☆☆",
    "lucky": "Hitam"
  },
  {
    "name": "aquarius",
    "slug": "aquarius",
    "icon": "🏺",
    "date": "20 Jan - 18 Feb",
    "element": "Udara",
    "prediction": "Inovasi dan kreativitas akan membuka peluang baru. Jangan ragu untuk berpikir di luar kotak.",
    "love": "★★★★☆",
    "career": "★★★★☆",
    "health": "★★★★☆",
    "lucky": "Biru Elektrik"
  },
  {
    "name": "pisces",
    "slug": "pisces",
    "icon": "🐟",
    "date": "19 Feb - 20 Mar",
    "element": "Air",
    "prediction": "Empati dan intuisi Anda akan membantu orang lain. Jangan lupa untuk juga merawat diri sendiri.",
    "love": "★★★★★",
    "career": "★★★☆☆",
    "health": "★★★☆☆",
    "lucky": "Biru Laut"
  }
    ]
